delay,amplitude
1,0.5600000000000005
2,0.27999999999999936
3,0.28000000000000025
