delay,amplitude
1.0,0.3999999999999986
1.25,0.4399999999999995
1.5,0.27999999999999936
1.75,0.2400000000000002
