delay,amplitude
1.0,0.5600000000000005
1.25,0.5200000000000014
1.5,0.39999999999999947
1.75,0.3199999999999994
