delay,amplitude
1.2,0.3799999999999999
1.4,0.3080000000000007
1.5999999999999999,0.30799999999999983
1.7999999999999998,0.24400000000000066
